{
  "route:37.47255,126.70931:37.48748,126.76105": 568,
  "route:37.48748,126.76105:37.47255,126.70931": 568,
  "route:37.56958,126.97228:37.48748,126.76105": 2426,
  "route:37.48748,126.76105:37.56958,126.97228": 2426,
  "route:37.24891,127.04482:37.48748,126.76105": 4271,
  "route:37.48748,126.76105:37.24891,127.04482": 4271,
  "route:37.49289,126.75878:37.45639,126.71900": 627,
  "route:37.45639,126.71900:37.45463,126.70544": 141,
  "route:37.45463,126.70544:37.46753,126.70453": 168,
  "route:37.46753,126.70453:37.50979,126.74797": 709,
  "route:37.49971,126.78102:37.49776,126.78356": 60,
  "route:37.49776,126.78356:37.40567,126.93985": 2010,
  "route:37.40567,126.93985:37.24767,127.04519": 2326,
  "route:37.24767,127.04519:37.24678,127.16432": 1233,
  "route:37.24678,127.16432:37.40385,127.13406": 2067,
  "route:37.40385,127.13406:37.54890,126.96694": 2556,
  "route:37.54890,126.96694:37.56295,126.98986": 298,
  "route:37.56295,126.98986:37.56584,126.97756": 132,
  "route:37.56584,126.97756:37.56867,126.97819": 60,
  "route:37.56867,126.97819:37.57995,126.97766": 146,
  "route:37.57995,126.97766:37.58126,126.97446": 60,
  "route:37.58126,126.97446:37.64643,126.82880": 1724,
  "route:37.64643,126.82880:37.50979,126.74797": 1963,
  "route:37.49289,126.75878:37.49776,126.78356": 263,
  "route:37.50979,126.74797:37.46753,126.70453": 709,
  "route:37.46753,126.70453:37.45463,126.70544": 168,
  "route:37.45463,126.70544:37.45639,126.71900": 141,
  "route:37.45639,126.71900:37.50979,126.74797": 756
}