{
  "route:37.51234,126.76205:37.44933,126.71353": 960,
  "route:37.44933,126.71353:37.39107,126.65209": 988,
  "route:37.39107,126.65209:37.39261,126.95142": 3094,
  "route:37.39261,126.95142:37.28256,127.02012": 1598,
  "route:37.28256,127.02012:37.32212,127.09768": 953,
  "route:37.32212,127.09768:37.38275,127.11883": 818,
  "route:37.38275,127.11883:37.51196,127.08828": 1710,
  "route:37.51196,127.08828:37.49537,127.03307": 609,
  "route:37.49537,127.03307:37.50514,127.01336": 239,
  "route:37.50514,127.01336:37.66125,127.06025": 2087,
  "route:37.66125,127.06025:37.65887,126.77501": 2937,
  "route:37.65887,126.77501:37.57832,126.89469": 1618,
  "route:37.57832,126.89469:37.53628,126.84895": 722,
  "route:37.53628,126.84895:37.51445,126.76302": 931,
  "route:37.51445,126.76302:37.51445,126.76302": 60,
  "route:37.51425,126.76522:37.51445,126.76302": 60,
  "route:37.51161,126.76875:37.48784,126.76819": 309,
  "route:37.48784,126.76819:37.50704,126.72186": 539,
  "route:37.50704,126.72186:37.51445,126.76302": 435
}