{
  "route:37.47255,126.70931:37.48748,126.76105": 568,
  "route:37.48748,126.76105:37.47255,126.70931": 568,
  "route:37.56958,126.97228:37.48748,126.76105": 2426,
  "route:37.48748,126.76105:37.56958,126.97228": 2426,
  "route:37.24891,127.04482:37.48748,126.76105": 4271,
  "route:37.48748,126.76105:37.24891,127.04482": 4271
}